Workbook

Sheet Dashboard
B2: Store-wise Analysis
B3: Customer Segment | C3: (All)
B5: Store Number | C5: No of Orders | D5: Total Sales
B6: 100 | C6: 42 | D6: 123543.4
B7: 101 | C7: 44 | D7: 93163.79
B8: 102 | C8: 11 | D8: 23691.1
B9: 103 | C9: 32 | D9: 92902.87
B10: 104 | C10: 22 | D10: 46059.98
B11: 105 | C11: 18 | D11: 35585.94
B12: 106 | C12: 44 | D12: 109952.75
B13: 107 | C13: 21 | D13: 33908.18
B14: 108 | C14: 15 | D14: 23966.55
B15: 109 | C15: 31 | D15: 63817.23
B16: Grand Total | C16: 280 | D16: 646591.79
B19: Select Segment Analysis
C20: Amount | D20: Segment | E20: Total No. of Orders | F20: Store ID With the Most Sales | G20: Store With the Least Sales
B21: Maximum Sales | C21: =MAX(Consumer!G12,Corporate!G12,'Home Office'!G12,'Small Business'!G12) -> 236546.96 | D21: =IF($C21=Consumer!$G$12,Consumer!$C$2,IF($C21=Corporate!$G$12,Corporate!$C$2,IF($C21='Home Office'!$G$12,'Home Office'!$C$2,IF($C21='Small Business'!$G$12,'Small Business'!$C$2,"NIL")))) -> Corporate | E21: =IF($C21=Consumer!$G$12,Consumer!$H$12,IF($C21=Corporate!$G$12,Corporate!$H$12,IF($C21='Home Office'!$G$12,'Home Office'!$H$12,IF($C21='Small Business'!$G$12,'Small Business'!$H$12,"NIL")))) -> 69 | F21: {=INDEX(Compiled_Top10!B2:B41, MATCH(1, (Compiled_Top10!C2:C41=D21)*(Compiled_Top10!G2:G41=_xlfn.MAXIFS(Compiled_Top10!G2:G41, Compiled_Top10!C2:C41, D21)), 0))} -> 100 | G21: {=INDEX(Compiled_Top10!B2:B41, MATCH(1, (Compiled_Top10!C2:C41=D21)*(Compiled_Top10!G2:G41=_xlfn.MINIFS(Compiled_Top10!G2:G41, Compiled_Top10!C2:C41, D21)), 0))} -> 101
B22: Minimum Sales | C22: =MIN(Consumer!G12,Corporate!G12,'Home Office'!G12,'Small Business'!G12) -> 113946.12 | D22: =IF($C22=Consumer!G$12,Consumer!$C$2,IF($C22=Corporate!G$12,Corporate!$C$2,IF($C22='Home Office'!G$12,'Home Office'!$C$2,IF($C22='Small Business'!G$12,'Small Business'!$C$2,"NIL")))) -> Small Business | E22: =IF($C22=Consumer!$G$12,Consumer!$H$12,IF($C22=Corporate!$G$12,Corporate!$H$12,IF($C22='Home Office'!$G$12,'Home Office'!$H$12,IF($C22='Small Business'!$G$12,'Small Business'!$H$12,"NIL")))) -> 66 | F22: {=INDEX(Compiled_Top10!B2:B41, MATCH(1, (Compiled_Top10!C2:C41=D22)*(Compiled_Top10!G2:G41=_xlfn.MAXIFS(Compiled_Top10!G2:G41, Compiled_Top10!C2:C41, D22)), 0))} -> 101 | G22: {=INDEX(Compiled_Top10!B2:B41, MATCH(1, (Compiled_Top10!C2:C41=D22)*(Compiled_Top10!G2:G41=_xlfn.MINIFS(Compiled_Top10!G2:G41, Compiled_Top10!C2:C41, D22)), 0))} -> 100
B24: Segment-wise Analysis (Drop-down)
B25: Segment | C25: Total Sales | D25: Total No. of Orders | E25: Best Performing Store (Sales) | F25: Best Performing Store (Orders)
B26: Consumer | C26: =SUMIFS(Compiled_Top10!G2:G41,Compiled_Top10!C2:C41,Dashboard!B26) -> 146309.03 | D26: =SUMIFS(Compiled_Top10!H2:H41,Compiled_Top10!C2:C41,Dashboard!B26) -> 85 | E26: {=INDEX(Compiled_Top10!B2:B41, MATCH(1, (Compiled_Top10!C2:C41=B26)*(Compiled_Top10!G2:G41=_xlfn.MAXIFS(Compiled_Top10!G2:G41, Compiled_Top10!C2:C41, B26)), 0))} -> 107 | F26: {=INDEX(Compiled_Top10!B2:B41, MATCH(1, (Compiled_Top10!C2:C41=B26)*(Compiled_Top10!H2:H41=_xlfn.MAXIFS(Compiled_Top10!H2:H41, Compiled_Top10!C2:C41, B26)), 0))} -> 107
B28: Store-wise Analysis (Drop-down)
B29: Store | C29: Total Sales | D29: Total No. of Orders | E29: Best Performing Segment (Sales) | F29: Best Performing Segment (Orders)
B30: 100 | C30: =SUMIFS(Compiled_Top10!G2:G41,Compiled_Top10!B2:B41,Dashboard!B30) -> 123543.4 | D30: =SUMIFS(Compiled_Top10!H2:H41,Compiled_Top10!B2:B41,Dashboard!B30) -> 42 | E30: {=INDEX(Compiled_Top10!C2:C41, MATCH(1, (Compiled_Top10!B2:B41=B30)*(Compiled_Top10!G2:G41=_xlfn.MAXIFS(Compiled_Top10!G2:G41, Compiled_Top10!B2:B41, B30)), 0))} -> Corporate | F30: {=INDEX(Compiled_Top10!C2:C41, MATCH(1, (Compiled_Top10!B2:B41=B30)*(Compiled_Top10!H2:H41=_xlfn.MAXIFS(Compiled_Top10!H2:H41, Compiled_Top10!B2:B41, B30)), 0))} -> Corporate

Sheet Consumer
A1: CustomerID | B1: Store Number | C1: Customer Segment | D1: Responder | E1: First Name | F1: Last Name | G1: Total_Sales | H1: No_of_Orders
A2: 2882 | B2: 107 | C2: Consumer | D2: No | E2: D | F2: Fisher | G2: 33908.18 | H2: 21
A3: 2645 | B3: 109 | C3: Consumer | D3: No | E3: Lynn | F3: Novasad | G3: 20268.54 | H3: 10
A4: 84 | B4: 105 | C4: Consumer | D4: No | E4: Maryann | F4: Tovrea | G4: 16700.95 | H4: 7
A5: 2781 | B5: 108 | C5: Consumer | D5: No | E5: Rosemary | F5: Grubin | G5: 12762.61 | H5: 7
A6: 2730 | B6: 101 | C6: Consumer | D6: No | E6: Kristin | F6: Orcutt | G6: 11994.19 | H6: 5
A7: 1463 | B7: 102 | C7: Consumer | D7: No | E7: Kelly | F7: Carlson | G7: 11765.4 | H7: 7
A8: 2825 | B8: 104 | C8: Consumer | D8: No | E8: Michelle | F8: Tanger | G8: 10228.9 | H8: 9
A9: 305 | B9: 101 | C9: Consumer | D9: No | E9: Minh | F9: Pham | G9: 9794.54 | H9: 6
A10: 471 | B10: 105 | C10: Consumer | D10: No | E10: Paula | F10: Hazard | G10: 9460.44 | H10: 6
A11: 2489 | B11: 101 | C11: Consumer | D11: No | E11: Linda | F11: Dowell | G11: 9425.28 | H11: 7
G12: =SUM(G2:G11) -> 146309.03 | H12: =SUM(H2:H11) -> 85

Sheet Corporate
A1: CustomerID | B1: Store Number | C1: Customer Segment | D1: Responder | E1: First Name | F1: Last Name | G1: Total_Sales | H1: No_of_Orders
A2: 2867 | B2: 100 | C2: Corporate | D2: No | E2: Diane | F2: King | G2: 61298.98 | H2: 10
A3: 667 | B3: 106 | C3: Corporate | D3: No | E3: Claudia | F3: Espinoza | G3: 31574.07 | H3: 7
A4: 3074 | B4: 103 | C4: Corporate | D4: No | E4: Robin | F4: Martin | G4: 26662.19 | H4: 5
A5: 2108 | B5: 104 | C5: Corporate | D5: No | E5: Cathy | F5: Rhoades | G5: 20072.38 | H5: 7
A6: 2859 | B6: 100 | C6: Corporate | D6: No | E6: Chantelle | F6: Romero | G6: 19075.91 | H6: 7
A7: 698 | B7: 109 | C7: Corporate | D7: No | E7: Linda | F7: Mascarenas | G7: 16510.38 | H7: 11
A8: 2785 | B8: 101 | C8: Corporate | D8: No | E8: L | F8: Abeyta | G8: 16352.48 | H8: 6
A9: 983 | B9: 104 | C9: Corporate | D9: No | E9: Samantha | F9: Elliott | G9: 15758.7 | H9: 6
A10: 1212 | B10: 101 | C10: Corporate | D10: No | E10: Kelly | F10: Tappan | G10: 14621.08 | H10: 4
A11: 1687 | B11: 101 | C11: Corporate | D11: No | E11: Yvette | F11: Kent | G11: 14620.79 | H11: 6
G12: =SUM(G2:G11) -> 236546.96 | H12: =SUM(H2:H11) -> 69

Sheet Home Office
A1: CustomerID | B1: Store Number | C1: Customer Segment | D1: Responder | E1: First Name | F1: Last Name | G1: Total_Sales | H1: No_of_Orders
A2: 2670 | B2: 103 | C2: Home Office | D2: No | E2: June | F2: Ortega | G2: 36325.04 | H2: 10
A3: 883 | B3: 106 | C3: Home Office | D3: No | E3: Penny | F3: Culpan | G3: 18764.3 | H3: 5
A4: 3121 | B4: 100 | C4: Home Office | D4: No | E4: Nancy | F4: Nicholas | G4: 13242.47 | H4: 6
A5: 355 | B5: 109 | C5: Home Office | D5: No | E5: Elizabeth | F5: Gonzales | G5: 13016.75 | H5: 2
A6: 1246 | B6: 106 | C6: Home Office | D6: No | E6: Margo | F6: Traywick | G6: 12102.79 | H6: 5
A7: 2342 | B7: 106 | C7: Home Office | D7: No | E7: Joan | F7: Kindt | G7: 12071.02 | H7: 8
A8: 2020 | B8: 102 | C8: Home Office | D8: No | E8: Carol | F8: Hines | G8: 11925.7 | H8: 4
A9: 2141 | B9: 108 | C9: Home Office | D9: No | E9: Karen | F9: Montgomery | G9: 11203.94 | H9: 8
A10: 1782 | B10: 100 | C10: Home Office | D10: No | E10: Maria | F10: Olvera | G10: 10597.04 | H10: 6
A11: 1793 | B11: 100 | C11: Home Office | D11: No | E11: Teangela | F11: Carroll | G11: 10540.63 | H11: 6
G12: =SUM(G2:G11) -> 149789.68 | H12: =SUM(H2:H11) -> 60

Sheet Small Business
A1: CustomerID | B1: Store Number | C1: Customer Segment | D1: Responder | E1: First Name | F1: Last Name | G1: Total_Sales | H1: No_of_Orders
A2: 693 | B2: 101 | C2: Small Business | D2: No | E2: Marjorie | F2: Wilhelm | G2: 16355.43 | H2: 10
A3: 2977 | B3: 106 | C3: Small Business | D3: No | E3: Cynthia | F3: Herr | G3: 14896.12 | H3: 7
A4: 181 | B4: 109 | C4: Small Business | D4: No | E4: Sheila | F4: Griesch | G4: 14021.56 | H4: 8
A5: 540 | B5: 103 | C5: Small Business | D5: No | E5: Mary | F5: Livesay | G5: 10857.15 | H5: 7
A6: 688 | B6: 106 | C6: Small Business | D6: No | E6: Lisa | F6: Fitch | G6: 10696.84 | H6: 7
A7: 1708 | B7: 106 | C7: Small Business | D7: No | E7: Jean | F7: Thompson | G7: 9847.61 | H7: 5
A8: 674 | B8: 103 | C8: Small Business | D8: No | E8: Brandie | F8: Hopek | G8: 9787.62 | H8: 7
A9: 1503 | B9: 105 | C9: Small Business | D9: No | E9: Theresa | F9: Alexander | G9: 9424.55 | H9: 5
A10: 1027 | B10: 103 | C10: Small Business | D10: No | E10: Keli | F10: Scott | G10: 9270.87 | H10: 3
A11: 1730 | B11: 100 | C11: Small Business | D11: No | E11: Julie | F11: Mchenry | G11: 8788.37 | H11: 7
G12: =SUM(G2:G11) -> 113946.12 | H12: =SUM(H2:H11) -> 66

Sheet Compiled_Top10
A1: CustomerID | B1: Store Number | C1: Customer Segment | D1: Responder | E1: First Name | F1: Last Name | G1: Total_Sales | H1: No_of_Orders
A2: 2882 | B2: 107 | C2: Consumer | D2: No | E2: D | F2: Fisher | G2: 33908.18 | H2: 21 | J2: {=_xlfn.UNIQUE(C2:C41)} -> Consumer
A3: 2645 | B3: 109 | C3: Consumer | D3: No | E3: Lynn | F3: Novasad | G3: 20268.54 | H3: 10 | J3: Corporate
A4: 84 | B4: 105 | C4: Consumer | D4: No | E4: Maryann | F4: Tovrea | G4: 16700.95 | H4: 7 | J4: Home Office
A5: 2781 | B5: 108 | C5: Consumer | D5: No | E5: Rosemary | F5: Grubin | G5: 12762.61 | H5: 7 | J5: Small Business
A6: 2730 | B6: 101 | C6: Consumer | D6: No | E6: Kristin | F6: Orcutt | G6: 11994.19 | H6: 5
A7: 1463 | B7: 102 | C7: Consumer | D7: No | E7: Kelly | F7: Carlson | G7: 11765.4 | H7: 7
A8: 2825 | B8: 104 | C8: Consumer | D8: No | E8: Michelle | F8: Tanger | G8: 10228.9 | H8: 9
A9: 305 | B9: 101 | C9: Consumer | D9: No | E9: Minh | F9: Pham | G9: 9794.54 | H9: 6
A10: 471 | B10: 105 | C10: Consumer | D10: No | E10: Paula | F10: Hazard | G10: 9460.44 | H10: 6
A11: 2489 | B11: 101 | C11: Consumer | D11: No | E11: Linda | F11: Dowell | G11: 9425.28 | H11: 7
A12: 2867 | B12: 100 | C12: Corporate | D12: No | E12: Diane | F12: King | G12: 61298.98 | H12: 10
A13: 667 | B13: 106 | C13: Corporate | D13: No | E13: Claudia | F13: Espinoza | G13: 31574.07 | H13: 7
A14: 3074 | B14: 103 | C14: Corporate | D14: No | E14: Robin | F14: Martin | G14: 26662.19 | H14: 5
A15: 2108 | B15: 104 | C15: Corporate | D15: No | E15: Cathy | F15: Rhoades | G15: 20072.38 | H15: 7
A16: 2859 | B16: 100 | C16: Corporate | D16: No | E16: Chantelle | F16: Romero | G16: 19075.91 | H16: 7
A17: 698 | B17: 109 | C17: Corporate | D17: No | E17: Linda | F17: Mascarenas | G17: 16510.38 | H17: 11
... A41: 1730 | B41: 100 | C41: Small Business | D41: No | E41: Julie | F41: Mchenry | G41: 8788.37 | H41: 7
